,A,B,C,D
2021-06-21,-0.06784041551233028,-2.385577046061428,-0.015314051336817996,-0.40165339828464536
2021-06-22,-2.6899023118235292,-3.4126590057879795,0.16230860040637132,-0.47603207177904033
2021-06-23,-1.581858101361567,-2.773149353480132,-2.1123898063460906,-0.2110067557125052
2021-06-24,-2.9852602413583313,-3.5707077560050022,-0.9627862964881304,-0.05855412331467211
2021-06-25,-3.4781460349001576,-2.242169403528799,-1.6163198487084487,1.3805529519671143
2021-06-26,-4.563922006373245,-2.9999571473056243,-2.403216737849861,0.34700586482243345
2021-06-27,-5.878534974033304,-1.092595119548536,-3.2986304713395134,0.7560609470218397
2021-06-28,-5.4848550233041795,-3.1952444723877935,-4.722402291203173,1.5134648510387725
2021-06-29,-6.583873789692543,-3.6737451799017484,-4.325093021797629,1.5149260144137033
2021-06-30,-4.809935951874637,-5.310673331219785,-4.945477305156155,1.6426029102940551
2021-07-01,-3.892181206467546,-4.576466782176628,-5.624662291814291,2.09204345371994
2021-07-02,-6.119601254935654,-5.5753754783947675,-6.274654776063619,1.9200394934809064
2021-07-03,-5.616632469306112,-6.435865068540306,-5.718658140304353,1.4833257750723057
2021-07-04,-4.172249266446331,-5.856278788621924,-4.983634588730713,0.6816066689809793
2021-07-05,-4.017373942331593,-4.617592074724579,-4.331298468406155,0.8173208661387567
2021-07-06,-3.033879502474217,-2.3156247660939493,-3.788947106735462,0.705509787696547
2021-07-07,-2.99001777479448,-2.839350091527673,-3.846036580328459,1.3707054707965516
2021-07-08,-1.6661427655245946,-3.042415665114964,-4.716812245845336,3.048997003442153
2021-07-09,-1.0935047169856742,-2.9019897557572114,-5.517279496241924,2.2219717313494076
2021-07-10,0.377304350707119,-3.9790606559746857,-4.0021295054038735,2.1407180310262905
2021-07-11,-0.49111008723106564,-3.6337834928225554,-3.6738983779022223,3.141554987982195
2021-07-12,-0.36723826071782417,-3.0854271282564043,-3.718482195790311,4.628306104505152
2021-07-13,1.1796107403606766,-1.2170354586796002,-3.851579092921368,4.10553794389344
2021-07-14,0.1465354703008983,-1.4338319855266803,-5.122790643065909,3.3985333989535915
2021-07-15,0.9312366862116597,-1.331313700517987,-5.197188693467353,2.868764350178306
2021-07-16,0.3185384698289505,-1.0842764521244996,-6.766103209132259,4.210777821001821
2021-07-17,-0.4509565269351048,-0.27549509996337507,-3.8898830816775183,3.968165082154769
2021-07-18,-0.18503970311134088,-1.7475679155706465,-4.855960245639853,4.809352029140227
2021-07-19,-0.5615821056303154,-0.6896047311320073,-3.967384899576281,3.156708991826629
2021-07-20,-1.5038254918821603,-0.9253997851532583,-2.8313969495304345,2.86741011064563
2021-07-21,0.8970535577127774,-0.41358496493648345,-3.9138012448841293,2.399568126160451
2021-07-22,2.468756078411702,1.712434166395338,-4.185372595362785,2.6857719603355212
2021-07-23,1.4614290115833812,-0.5069553011868537,-4.947351958796367,0.870844425231379
2021-07-24,1.7217022369019648,-2.454653787630958,-4.849009884718788,0.37358015948525397
2021-07-25,1.4357714903656982,-2.2695644312878405,-4.219194638053953,2.3526659613918137
2021-07-26,0.1654779944821574,-2.519430493101023,-4.205461761385811,1.8338952190399012
2021-07-27,-0.17961777082019398,-2.5090375617816942,-5.544210928284477,3.210759867015318
2021-07-28,-3.0027023086690745,-3.7988534917177375,-5.483348734738523,5.136362724031412
2021-07-29,-4.187190609530051,-4.306004200083111,-6.882130265977943,5.840844638731473
2021-07-30,-3.748209961089705,-4.1267419249902675,-6.0486795689293675,5.099921606972139
2021-07-31,-4.8248934651054,-2.452352699725666,-7.085744692311753,6.071094458030453
2021-08-01,-5.621356517557266,-4.058125252565532,-5.617088731063277,3.9280053679276907
2021-08-02,-4.597946955628347,-4.393860947045098,-4.904923934120214,4.156737607580697
2021-08-03,-3.6277758420062503,-3.6296056203864375,-3.9141742623369398,4.360745612865794
2021-08-04,-3.4642860937185165,-3.8645243020610485,-2.927109407916716,4.801004153932118
2021-08-05,-3.560527079588571,-2.825411973869107,-3.6459942156685567,6.95822530121296
2021-08-06,-2.229122812313016,-0.9883060061110818,-3.358326122157635,8.472162003200653
2021-08-07,-0.16623637375505185,0.35895624345024224,-2.6701598527786494,7.41608807939107
2021-08-08,-0.19821681656451146,0.8019647974943116,-4.067712363924058,8.173588257318343
2021-08-09,-0.4508005738705136,-0.6244431117711913,-3.4428176059595694,7.7316392313691535
2021-08-10,-0.5775836285450313,-0.8899408302702081,-2.27249539069965,7.763960344727962
2021-08-11,-2.2145037531747005,-1.3383197099113127,-0.12866321472011544,7.842577150452657
2021-08-12,-2.3941900969277548,-1.835137737114911,-0.006962323831690584,5.388326120812682
2021-08-13,-2.0431336991415208,-1.4397613032152377,0.22336276756008483,3.0340038878522586
2021-08-14,-3.087692055288896,-1.1254875449961992,0.8775126979757084,3.3625875021498812
2021-08-15,-2.8695198416609125,-2.6367411439684383,1.035543165405227,3.1274417856433434
2021-08-16,-3.87615870116588,-2.616312693122208,2.6705241114158067,3.224506565816804
2021-08-17,-4.191334151568308,-3.4557734717478192,4.105731951787897,2.9991070256208645
2021-08-18,-3.3900653479003338,-1.7504989034979332,4.082485969022051,3.310668868300306
2021-08-19,-3.637331063738339,-1.1221250143714045,2.1748300936313685,1.9454796691680503
2021-08-20,-2.9569162713564756,-0.969650987769408,2.78987046054191,2.4386558899473147
2021-08-21,-2.8706097080418913,-1.0755551400838812,2.6713031166257135,2.482369965589188
2021-08-22,-4.507600596088954,-1.9876240859703904,2.3623267526022533,1.837586576712169
2021-08-23,-5.191673332265853,-2.006336359743727,2.949810684915772,2.5531540338026475
2021-08-24,-4.622090646112796,-1.1585789265330724,2.489595045441476,3.348822100312469
2021-08-25,-3.303239683025879,-1.4584817254237648,3.56030447150702,2.659861392963192
2021-08-26,-2.765621451913104,-2.995790010866172,3.2409749661801275,1.6844653308185373
2021-08-27,-2.557392723872595,-2.653319274362203,5.219215988716908,1.111539847908999
2021-08-28,-2.1114005816855186,-0.8815910666895996,6.193907655090461,2.528250656468127
2021-08-29,-2.7864671182471623,-0.5725426062901451,6.1367232424269265,4.156005852098845
2021-08-30,-3.370581528262118,-1.5371764937482844,6.534649600280834,4.259395950816356
2021-08-31,-3.40859221748846,0.6765946482294123,5.505257856428829,3.8732749795751484
2021-09-01,-2.869279712580276,0.2608056481992356,4.786782282825664,2.5972567900262797
2021-09-02,-2.9040148458546113,1.0222530283126066,5.976438010133299,2.930514585431937
2021-09-03,-2.7956779827596403,-0.12508603930676276,6.074660323946257,2.0094350110583177
2021-09-04,-1.699393406642629,2.119810674377466,7.0791597661363035,1.618186445618953
2021-09-05,-0.6363453988169772,1.3530534738240512,8.443916607128221,1.3879817491327726
2021-09-06,-0.07736810150861706,1.8608840619447176,9.51458720461535,2.1801909668465846
2021-09-07,0.6359875473656098,2.654847737493292,8.26157025570893,1.733250734448994
2021-09-08,0.14647298792072466,3.2096786978796548,8.029199933397335,2.7770340163324514
2021-09-09,0.3569141729702141,3.83802471296009,10.761964478761742,3.442058664007914
2021-09-10,-0.759192061355703,3.950042877007167,9.76891365000198,3.972357885181486
2021-09-11,-0.5201267567103428,2.8186362974801504,10.339657497190473,3.7841059754514226
2021-09-12,0.12111114793566047,2.6174915704806287,10.057693670343866,4.071394313561969
2021-09-13,-0.6170162547864054,1.2433606337652845,8.263447800182878,5.474257310466102
2021-09-14,-0.7155057874181693,-0.5054775799493219,8.812737011631231,5.512102171900811
2021-09-15,-1.7334791154919311,0.0763987621355684,8.57738136889125,5.268707346044812
2021-09-16,-2.0793514703308684,-0.5605355254906722,7.520233858446152,6.507612682017347
2021-09-17,-1.8326483636148354,-1.3288240030471608,7.04027880172881,7.898261875983547
2021-09-18,-0.9040501160429899,0.41108359992661714,6.030096914476743,9.755795778405
2021-09-19,0.4481954425885948,0.31275955070432715,5.185806245881345,9.937097574606648
2021-09-20,0.4600405644344531,-0.18218616854186803,6.511978583193108,10.12442395257498
2021-09-21,-0.42366825041563877,0.5593520120364521,7.048459588316694,11.344332369028757
2021-09-22,-0.3296180974483015,-1.0210224295200316,7.849261903497087,10.40538343911889
2021-09-23,-0.36122877876616677,-2.9448492715491206,7.750877688707121,9.288733910162208
2021-09-24,-0.4427954119365406,-2.6849923633933486,7.360963126894543,8.858631369493716
2021-09-25,-0.8360776280313302,-2.64441554765226,6.817131170631402,10.226735917813137
2021-09-26,-1.5652458267296412,-3.6123386667070276,7.5544853639988,10.989457701834112
2021-09-27,-1.7802356755581823,-3.80627123843119,5.338541718660626,11.555293380811877
2021-09-28,-3.9643176583877002,-3.716742684178653,6.709312858109342,11.700347385418535
2021-09-29,-3.774774772449906,-3.8873086020438623,8.504898163048553,13.028321971127335
2021-09-30,-5.17086748643404,-3.4437436125253287,8.407847752354431,11.677355836044686
2021-10-01,-6.436113735524472,-4.145083539353114,9.500105595611068,11.92657219268415
2021-10-02,-5.556393352684604,-4.021956263113973,10.037977568037135,12.21777374938991
2021-10-03,-5.1688977062338415,-5.345408229319178,11.330925910211423,11.446783901867471
2021-10-04,-7.364932944738891,-6.598738500599631,10.946145391442442,10.502273516047346
2021-10-05,-7.255897894855633,-4.51309429568697,13.126234093199058,10.783777423760228
2021-10-06,-8.157018041795938,-5.236441094979565,13.35869799731311,10.30549295305417
2021-10-07,-9.434242653602238,-3.780060269968938,13.159060643251479,9.922269601037362
2021-10-08,-10.052497634222677,-2.006208138743883,13.283454889209908,10.7200600174816
2021-10-09,-9.993066168305468,-0.1514288967635513,12.187577656114847,10.447033798755978
2021-10-10,-8.695204299289472,-0.579333357130901,10.922319645076023,11.532961410141262
2021-10-11,-10.42582394640772,-0.6539976269714688,12.900463838648626,10.616031998873769
2021-10-12,-11.619164024202371,0.518136463355091,12.839526692175815,10.37932408583149
2021-10-13,-12.87589344207959,-1.2620863566097222,12.099251998170136,10.929090101139654
2021-10-14,-10.500730313259762,-1.8831994657110704,12.291269669600826,9.625161820707584
2021-10-15,-9.65790140782958,-0.6808543924354928,11.405315447988222,9.930338976269118
2021-10-16,-10.626231482747,-0.38748691183091494,12.498517528981482,10.048465814797536
2021-10-17,-9.879715946296173,-0.1494466083159936,11.927778966703688,12.077315969298084
2021-10-18,-11.344969339151918,-0.3178290317395108,11.828086335321691,12.316622266716365
2021-10-19,-11.732704440903388,-0.40033356558188304,10.917795834975536,12.05064651743966
2021-10-20,-11.17362789851542,-0.9961674798867837,12.160915182812484,11.948286230960917
2021-10-21,-12.192868289858826,-2.542002434146979,11.656909189940967,12.496450966787668
2021-10-22,-11.747824169562202,-0.444286778867371,12.320714703387706,13.217016951787095
2021-10-23,-9.952104360042343,1.2338102520463738,13.012533258784627,14.683465470104297
2021-10-24,-10.066223668141006,4.154901878217136,11.023458676645124,13.142765767782887
2021-10-25,-8.349051253170964,4.963640065893601,11.35097996606136,11.674905061083143
2021-10-26,-8.427801849436339,5.088260830408214,11.022155032313664,11.095212357736566
2021-10-27,-10.298236317899375,7.1642534622614935,12.984614505610699,10.336511398585625
2021-10-28,-11.486847265398751,5.596899801606633,13.283477850772611,10.008996595265387
2021-10-29,-11.68620832774008,6.1913477902396945,14.248929223769679,9.605963451762365
2021-10-30,-12.46313799356678,8.238411420270076,14.787876569938266,9.549896645808396
2021-10-31,-11.460717748353728,7.015757219026399,14.325202246038005,10.7779064310025
2021-11-01,-9.312561511800869,6.476571918948323,15.887191111315254,11.36580560719371
2021-11-02,-9.17785465294534,7.624253221537159,15.71698028576703,10.72814834055584
2021-11-03,-8.233475404281974,8.263076033407309,15.764151487434248,10.633633049311978
2021-11-04,-6.784715296649667,8.18264389298002,14.93114680680715,11.189836760088815
2021-11-05,-6.638526274747473,8.97038112986856,13.592857572155925,10.628194787655627
2021-11-06,-5.954589453397747,10.436572238083631,13.652347984044493,10.75482183303509
2021-11-07,-7.899454696081796,9.96190636916,13.907952294188702,10.541890741287245
2021-11-08,-8.119770061652876,9.456772126649206,14.379365457373517,10.446559386698912
2021-11-09,-6.418053480077804,10.31466744419964,13.454737864249937,9.572923260085057
2021-11-10,-7.058401222285182,10.072648122850547,13.317276252525003,10.209966664511676
2021-11-11,-7.63757361332152,8.962041322963161,12.693515765357184,9.432795067209804
2021-11-12,-8.429197513741897,9.740424085161822,13.46442316097367,11.07462036461226
2021-11-13,-8.01098359499157,9.17756316107331,14.937654482336757,10.38093728022907
2021-11-14,-9.572440956143582,11.79225636453199,15.069316108070396,9.983995588994594
2021-11-15,-9.681941714986694,12.861733345360326,13.75092548744271,10.079192193576594
2021-11-16,-9.403432961933767,11.934866275743511,12.760189651265236,11.088174166226766
2021-11-17,-8.811458607304818,11.934156136289072,11.927538833429086,12.074649952679865
2021-11-18,-8.294174506222767,11.728065495572636,12.803611940620893,12.671256862309223
2021-11-19,-10.257414422415138,11.21390821558558,13.142135058984875,11.694679212487339
2021-11-20,-9.77112352749565,11.417097530844302,13.51225137448874,11.109441794977839
2021-11-21,-11.715371178967851,13.537686793669435,14.11658504895491,12.534250555427592
2021-11-22,-11.898041667940655,12.64008898206681,14.243886899263316,12.613422706599493
2021-11-23,-11.18559476214067,13.109721617457208,12.643262821978608,11.027846337608587
2021-11-24,-12.325912179753631,9.965597191928747,10.789062082464708,10.769790184552482
2021-11-25,-12.608454098523797,9.968801451273498,9.895096084386621,10.031823544040716
2021-11-26,-11.702948541030294,10.214551224301747,11.840839260773443,10.928976204273376
2021-11-27,-12.66629714736824,9.105323952795938,14.659619356289006,10.888077493830512
2021-11-28,-14.327785319296964,9.42611487472578,14.290481759393277,9.895242434054584
2021-11-29,-13.86955618951119,10.780403163176775,13.736403593130065,9.234526827517879
2021-11-30,-14.081094911826073,11.604028386301053,13.623416519950784,11.001964228144278
2021-12-01,-14.259528434705675,9.988511874111863,13.26663510493494,10.071541451383013
2021-12-02,-14.052368153778316,9.12558647131087,13.596873376242097,9.424534502215872
2021-12-03,-14.772388041073684,7.576185996839499,13.551465783891704,9.803656205024678
2021-12-04,-15.324485683157556,8.395606786237192,14.84666547508905,9.677140592627898
2021-12-05,-16.072936297410934,9.164836417283956,15.165132984681016,8.05249450122924
2021-12-06,-15.322761470807553,10.023816159350242,16.506428434612605,9.260072831794483
2021-12-07,-14.016278022024947,9.2705020541801,17.83399178723788,9.735612923631514
2021-12-08,-13.670508620816262,8.889678186130194,18.19098816752063,11.471294677920566
2021-12-09,-14.107677658554882,8.628585057923885,17.024976315138318,11.421532142517178
2021-12-10,-14.023325686742801,8.680594522553374,16.494236412557644,12.424281959069477
2021-12-11,-15.07006967314837,9.228977330998145,17.07508857554885,14.091806211352456
2021-12-12,-13.506199601507063,9.053717952938444,15.193950924014057,14.600608408028332
2021-12-13,-14.303180394400709,9.202040986615678,15.254691583909072,11.424921951531683
2021-12-14,-14.458555082654815,10.005243412183946,15.001887058936113,11.05643009486872
2021-12-15,-14.330927125212119,10.60267255751574,15.793488589138477,10.764839445796477
2021-12-16,-13.64338117293585,10.242881677947324,15.61187613411472,11.27856798207307
2021-12-17,-14.215120140754966,9.46277429751809,14.675857703132918,13.346015055880486
2021-12-18,-13.435051532054649,10.807958891548855,13.624395210736367,12.155335426850575
2021-12-19,-13.28167571388419,12.229728642307903,13.858952210235639,11.147524671202317
2021-12-20,-12.905943306953459,11.40748232926982,14.442038161994033,11.186006030277904
2021-12-21,-13.870769267915497,10.428883892064553,15.098583477698124,11.142088648688336
2021-12-22,-14.51055457603425,11.270544928902073,14.40729948268443,10.526424880927063
2021-12-23,-13.188922133997771,10.96890365965176,14.76236850406007,9.471777232500479
2021-12-24,-11.026279491684456,10.559351578451444,16.202427650341647,8.936845971309635
2021-12-25,-9.859703620715106,9.619482335863378,16.291989669918095,9.456369229410198
2021-12-26,-9.447022735903168,11.858511738481713,15.012164326531238,9.402120048314751
2021-12-27,-8.543152002754727,13.455168401432346,13.168747280269317,9.905756927671238
2021-12-28,-9.803323231438279,11.464948884774966,14.435860302895192,10.789143587356456
2021-12-29,-8.854298918917863,9.917823757778253,14.17309549151582,8.485902594697446
2021-12-30,-8.70564144262638,9.127877571562793,13.18761496564447,7.991883946339201
2021-12-31,-10.567814962169768,8.894902551882007,12.005909443875979,7.304132021718868
2022-01-01,-12.004838488461889,9.226702549758045,11.74065388007714,9.211887628382287
2022-01-02,-13.613107034560889,7.7390260796521995,10.285397921853045,8.917431719709478
2022-01-03,-13.69464600362987,8.238866997715903,8.515245928427955,9.866076324291
2022-01-04,-12.775245983948155,8.194631212947968,8.974181022292315,9.346161542544587
2022-01-05,-14.43959036912568,7.9353603838932365,7.881267107150774,10.143272849973126
2022-01-06,-14.887251316290113,7.021752259615053,8.910315434387782,9.218092952750816
2022-01-07,-15.258623026795616,7.27237278618134,8.145807321474008,10.059382858359804
2022-01-08,-14.518138366969854,6.288272633485777,8.422412906959472,11.02339332815546
2022-01-09,-14.340526847811496,6.7597489003435705,8.490290195451166,12.19069769889762
2022-01-10,-15.851652749986988,5.944597603173711,8.362461215983112,12.062803791430031
2022-01-11,-17.766046188275062,4.044463269518989,7.127773467192444,12.179800284516299
2022-01-12,-19.846397529961298,3.401842763808177,7.814797872782739,14.21830758174141
2022-01-13,-20.435163089325197,0.6836101852025624,7.025320643775588,14.472007536053157
2022-01-14,-20.262634629265527,1.6806294753341668,7.57438021144643,14.700248882496549
2022-01-15,-20.870188274778354,1.882559819726433,7.707585579415641,13.887284720167642
2022-01-16,-20.624368517547815,1.8227450549647752,8.706417570225094,14.016314481638595
2022-01-17,-19.871651076519107,1.740344084829287,8.666119536105116,14.61927397286463
2022-01-18,-19.095546433319978,0.4794271416318592,7.120558125042083,13.489465551324432
2022-01-19,-20.196100344352875,-1.2974472134898656,5.877250527579394,13.306287553012561
2022-01-20,-19.279947064128717,-0.8227420738633988,5.3331184198439505,14.891641887032307
2022-01-21,-18.760832545352187,-1.640956120641545,5.3360212261264275,14.22448122906146
2022-01-22,-18.90665146975396,-1.1992940916695227,5.537041719631328,14.332538622108185
2022-01-23,-18.646855271232806,-2.1128683701594313,5.246551989977535,17.191125842192136
2022-01-24,-21.15500141645481,-1.8389414764653873,4.913898428721811,16.773061754387612
2022-01-25,-19.971431153223104,-2.9821424598298885,4.430754566437325,16.375063237854334
2022-01-26,-19.702533804893957,-3.6321927908477076,4.759651779367689,14.323403037472541
2022-01-27,-21.42324448451159,-3.0608772489046783,5.819933380488749,14.497251287289725
2022-01-28,-20.99175654948532,-2.8912066953067983,5.891587896873266,16.19205009015502
2022-01-29,-22.08965095957257,-4.263513109141728,5.906535528026072,17.524573760570775
2022-01-30,-21.951491916417165,-4.257726344241539,7.039618742462764,19.350165435525305
2022-01-31,-22.257503738029193,-3.9690230713569274,6.617354018277347,20.00049086106637
2022-02-01,-21.250947877081416,-5.152594457039393,6.505530034878048,19.868339922094815
2022-02-02,-21.16611610172395,-4.838148923606578,6.933632736379753,19.604859860210833
2022-02-03,-22.142106422100532,-5.263402532319127,8.483828862184492,20.05735577473075
2022-02-04,-23.243634340851024,-5.180056463099758,7.795622182296884,20.690497429106
2022-02-05,-22.81798262310622,-4.204017696105801,8.980092273405939,22.38771132093105
2022-02-06,-23.820868069038653,-3.8984307949207717,9.370258547855855,22.276770766101343
2022-02-07,-23.73198033034072,-4.238813138661991,10.002035269821478,21.986851225973048
2022-02-08,-24.0761786798329,-3.306710202016582,10.58562652212998,20.502736892054433
2022-02-09,-22.996596663568454,-4.3128489924649935,10.278029330683825,19.894283571711345
2022-02-10,-21.571457543366645,-4.053571977030669,10.247351255968729,20.09756865121292
2022-02-11,-20.493411350588243,-3.9906041123016194,8.770113282076,19.935354731947456
2022-02-12,-20.17094843540008,-3.4430375135291893,8.533594090949192,17.583385698837375
2022-02-13,-19.081069734678394,-4.879388471402984,8.810751206415933,16.821577698257457
2022-02-14,-19.17271972529019,-4.87086563151453,8.500860699555007,17.96153499851167
2022-02-15,-17.39314385239627,-4.758468349437161,9.37099223019903,18.615385500365925
2022-02-16,-18.71010821668151,-3.8134788475001633,10.362255025385409,19.355652404621214
2022-02-17,-18.176025330443878,-4.220482789712748,8.780718453064637,19.300118967864783
2022-02-18,-17.84379040742113,-2.4404513668816437,9.64933335808743,18.99812763243948
2022-02-19,-17.119867919615544,-1.6996160460213263,9.065137742243488,19.006830770973725
2022-02-20,-15.95490998893359,-1.5047511615299327,10.768022666769747,19.057902680417904
2022-02-21,-13.362053124744127,-2.687589484583123,10.669360926289858,18.8217530810253
2022-02-22,-13.666848804690636,-2.052994782074789,12.89407735553403,17.339025530219196
2022-02-23,-14.43594949636946,-1.242380938195153,13.847709670784647,18.091675598801697
2022-02-24,-14.543364127593287,-2.52554239253267,14.085607070869628,14.985302797780598
2022-02-25,-14.528503128857366,-4.485402534551295,14.38199944137754,13.953655271765019
2022-02-26,-15.222039423740187,-5.400628194928594,13.418785316687446,14.580654274898144
2022-02-27,-15.708993833948009,-5.64958995795458,11.992808515456135,15.131026665585075
2022-02-28,-15.479638246248363,-4.691803776131422,11.699411458435018,14.713737025748907
2022-03-01,-16.836150314912125,-4.4597370129847835,11.106036829245436,14.977368732036306
2022-03-02,-18.251331862816365,-4.998427510640285,10.790526500461104,15.23420663566129
2022-03-03,-17.96754579455697,-5.380880069087926,11.964458588844634,14.628468973802224
2022-03-04,-18.610568448470072,-5.123705416354857,12.43106384655738,15.044705965874222
2022-03-05,-17.905093876040343,-4.921294970915453,13.342764533749996,14.849556325173126
2022-03-06,-16.421098749898505,-5.141042669878793,15.249383384618758,14.613662867098471
2022-03-07,-18.403060561025974,-6.264823142516217,16.424533140946448,15.247700250125096
2022-03-08,-18.599178314907885,-6.6127699128557165,14.779852514315696,15.955044184285317
2022-03-09,-18.404995056717596,-5.649991877986157,13.746488113445409,16.304609281799703
2022-03-10,-18.69208509317145,-6.4886664248492085,14.599033749472675,15.412116646474034
2022-03-11,-18.138536519115966,-6.926312905036163,15.33637192810024,14.212133078901429
2022-03-12,-17.830072033005067,-8.151940892609996,18.121807292389523,14.36049984575426
2022-03-13,-17.173201225290374,-8.32758449690181,18.710797900435406,14.087032796907087
2022-03-14,-17.895528528425444,-6.991715216221195,19.77652215771958,13.96867383316456
2022-03-15,-18.255982166419294,-7.324850582265825,20.10585330130476,14.014741791784518
2022-03-16,-15.832854925685213,-7.327499221912809,21.584070626011442,14.993724706794984
2022-03-17,-15.042270587170092,-6.961359579474632,22.212446099205167,14.89953401642943
2022-03-18,-15.769722174644738,-6.064899023420391,21.456029999528976,13.328429093790124
2022-03-19,-15.893488331770655,-6.863275141429489,22.08584451575375,13.466777043567445
2022-03-20,-16.505532425891623,-5.790609088939766,24.111943550932377,14.416979866904306
2022-03-21,-15.180110543769285,-5.722656559856915,25.495720540366264,12.825691074224283
2022-03-22,-14.888153617538016,-6.14434696770623,25.851572549432678,12.308492066325762
2022-03-23,-13.132088887997643,-6.559504707093183,26.075901471611694,12.651288184533659
2022-03-24,-15.198846897061161,-5.847163640269189,27.064570291278077,12.801006011451703
2022-03-25,-16.10028270697148,-5.396209722232751,27.49983048364006,13.184226255690746
2022-03-26,-16.518537381395046,-4.670163768799553,26.773262690269757,13.453441592073823
2022-03-27,-16.588301089460803,-4.304759196028159,27.038409330180983,16.54300071557029
2022-03-28,-17.24924407234855,-4.09172421774789,26.659774866809293,15.313478771562952
2022-03-29,-18.860886061959047,-4.973767405663418,27.24085344683712,15.765945523158544
2022-03-30,-17.574459047910356,-6.567858363372888,27.713081515753398,15.745537693798067
2022-03-31,-17.856423304610736,-7.82635916479704,27.613031174258456,15.797519539680742
2022-04-01,-17.74037971001744,-8.009627017564194,28.552137769953667,15.569457588891046
2022-04-02,-15.811638964387168,-8.379317988374893,28.570489221563513,17.328520486955707
2022-04-03,-15.53174895707149,-7.419582261731142,28.4283305632087,16.08581901229061
2022-04-04,-15.608800634341232,-7.571664305194077,27.26420823474534,16.916409533751526
2022-04-05,-16.13831788488798,-6.756869824231233,28.534709648147857,17.26503119585624
2022-04-06,-14.841714388238326,-6.375253814663717,27.975399228952824,15.886010620095638
2022-04-07,-14.936879472304398,-6.037114556161443,27.425028422703708,15.050208550848764
2022-04-08,-14.868136584497407,-6.223276911658841,27.348916639416352,13.886589807913158
2022-04-09,-14.073103280889297,-6.373827847423714,27.89864846706011,14.34566153389831
2022-04-10,-13.959702259989117,-5.637202084193996,29.123403468375148,14.154966511106084
2022-04-11,-15.670030038239316,-6.165174418934314,26.863367770541373,14.02827769518031
2022-04-12,-15.633226218844278,-3.452022783481014,26.285279344099223,14.070595536261637
2022-04-13,-16.37913616640147,-4.607040356930091,26.49963216567905,13.204848090264692
2022-04-14,-16.63149985008199,-4.8422745466762,23.69038878291829,12.644633286321374
2022-04-15,-16.353285742330584,-4.761138248062496,23.680131185017274,12.064064100092414
2022-04-16,-16.872634062824947,-3.6843011115639737,22.75197263163563,11.844233863910544
2022-04-17,-17.520734352650866,-3.6437714826937473,23.79925037356395,10.60679891938824
2022-04-18,-18.362704961293087,-2.7376008827434974,25.3595097811916,13.263229102043773
2022-04-19,-19.067528450340962,-1.2618549483862374,24.588975754832035,12.91263942927156
2022-04-20,-20.941035282122623,-1.8787419019709715,24.127169501528066,12.496009261291883
2022-04-21,-19.858346785137766,-2.510727831466062,25.0758627600413,12.299208928782257
2022-04-22,-20.04416567236634,-1.9252918272747823,22.951807474470296,12.146315862841414
2022-04-23,-20.266798228403562,-2.8182285273929963,22.59137527840574,12.382797613885455
2022-04-24,-19.54811515146835,-3.007866118255411,22.800638522981377,11.32428738852129
2022-04-25,-20.77843527232219,-2.877992329142235,23.142772660763498,11.09906661969267
2022-04-26,-22.688687795322167,-1.5554015592170305,23.734186895658482,11.567808803640638
2022-04-27,-22.930254658242728,-3.5142474737583056,24.927275038713304,12.62591660089394
2022-04-28,-23.490691199240214,-3.7889769075514175,23.31505819726637,11.49540592390352
2022-04-29,-23.69516202689162,-4.574579521533258,22.548433761567686,12.658447783261126
2022-04-30,-24.66355816075284,-4.7881622188476625,22.83868865976593,14.002277154001183
2022-05-01,-27.246005289715683,-6.31655495713521,22.068187335247217,13.09113358741703
2022-05-02,-26.98761045341593,-6.294683292532065,21.80285723273011,11.049167579381704
2022-05-03,-26.893376265451725,-5.258217995498839,20.082106114795618,12.20436590560925
2022-05-04,-24.873774624651155,-7.9146744404252996,20.578356287691804,12.553512375173371
2022-05-05,-25.480352092406864,-5.934686614655295,20.1396671694432,13.099577574673994
2022-05-06,-26.809028689447743,-6.867923352722686,21.711392155451723,12.629888664341475
2022-05-07,-28.83913227673975,-5.31786264445568,22.011429201441107,11.657187616355628
2022-05-08,-27.696133676451975,-6.22137091855346,20.95286706026608,11.84270430547379
2022-05-09,-28.877872909862152,-6.7206513791380456,21.0347242079539,12.266413574738612
2022-05-10,-26.437910672765835,-7.361511447570756,22.734847225186158,11.066214955362526
2022-05-11,-25.536878921998685,-7.312118429197302,22.478531410296252,10.444182401176636
2022-05-12,-27.249389095025872,-7.155850028058066,22.23340013632223,10.746007067146662
2022-05-13,-26.179740499836885,-5.603608775317293,21.27393124455402,11.44300367173971
2022-05-14,-24.476183991177177,-4.8266487901017445,21.959721323806832,10.951897400193841
2022-05-15,-24.346080517504998,-1.8515875842535747,21.68172127017198,11.273299489401325
2022-05-16,-24.702037040624745,-2.1081333155899435,21.013969554320102,10.792499500816241
2022-05-17,-25.107992617525213,-2.3401954730184173,22.945470315491317,10.606131839183512
2022-05-18,-24.872543937620605,-1.9503365204581256,23.03334888269013,9.627906134923101
2022-05-19,-24.737024027731202,-2.7336724919431905,22.81947608912185,9.640192999573385
2022-05-20,-24.019801524714186,-1.4464847533672252,23.6409535662828,9.549519494084688
2022-05-21,-25.857859924453116,-3.686130204481537,24.111108645938597,8.587845566102125
2022-05-22,-26.37396025742758,-4.584841089596694,23.042209347245134,9.685675107730129
2022-05-23,-26.065080234348503,-4.518218936570602,22.928010221311087,9.192486179105233
2022-05-24,-25.869308651547268,-3.6474237749949676,22.44722086883049,10.227621204908894
2022-05-25,-26.51610609526336,-4.3909605540484,23.691838599930723,11.24891542711088
2022-05-26,-26.41294120171832,-3.8938858432466126,22.65871054715811,11.08479473258538
2022-05-27,-26.83652424082566,-2.9823952876861775,23.244206790039865,12.899911433172173
2022-05-28,-26.356620427752137,-4.529533655144264,22.84695515971382,13.379806448178938
2022-05-29,-27.012120365969867,-4.784848840384768,22.589567626160452,13.558637713617188
2022-05-30,-26.988961552240458,-3.905925000335275,22.292505635279202,13.401981277346193
2022-05-31,-27.394411174168486,-2.7096898493940738,22.636714663611663,14.002574004503463
2022-06-01,-27.309036314948877,-2.840154775463191,21.523596254533338,14.681762954227683
2022-06-02,-28.189566070680094,-3.243326250993103,21.67511746974823,14.977520288902364
2022-06-03,-27.486400995195183,-5.361990303091876,23.45226575827001,14.096826064452612
2022-06-04,-28.452495350155207,-6.381388393170064,22.168472255844783,14.459699758880953
2022-06-05,-30.218566305520817,-7.4942567524850086,23.289483085395066,13.44495869703406
2022-06-06,-28.997245230007252,-6.799320670339672,21.986602810972386,14.579883197890505
2022-06-07,-29.361145534646948,-6.511214803112461,22.36815814576758,14.58617242922398
2022-06-08,-29.995229229274926,-6.127564882146737,23.651385702127843,15.77072732320303
2022-06-09,-30.539182093354516,-5.255762517485493,23.792957155586727,15.626516001681042
2022-06-10,-31.443235668678557,-7.26772096013439,23.74219481546562,16.188851720561335
2022-06-11,-31.205912065263597,-7.884339898897608,23.471157598078715,17.984514511001375
2022-06-12,-32.013293445192815,-6.306983565816434,23.67642292527303,18.288431546394374
2022-06-13,-32.23863657137111,-8.092765994719656,23.948242802326345,20.05576865868859
2022-06-14,-31.013465852537827,-8.02144657524708,24.44825465659105,20.229113474358236
2022-06-15,-31.509446163426507,-8.304479411250854,23.951922229675606,19.726628954789458
2022-06-16,-30.872464040744152,-5.408348860743754,22.64786746418665,20.136762931307697
2022-06-17,-30.92335550285197,-5.57546917745941,23.49814254611981,21.18335546076132
2022-06-18,-31.0718398818957,-5.158193561801757,24.856412794058485,20.886263713159202
2022-06-19,-30.160777275805604,-5.620875473725877,23.79876536981247,22.273865181649448
2022-06-20,-30.186323659493613,-5.8724630217543545,22.31011106025168,21.85198426870072
2022-06-21,-29.22249945424561,-7.022886351884341,23.10948164367671,20.98868237975684
2022-06-22,-30.047087965673683,-7.082900232720662,24.44343382390393,20.560985974870096
2022-06-23,-30.03916522057102,-8.176625501171419,23.20594852554041,20.74029869795682
2022-06-24,-29.48436333622388,-8.105189388791036,22.719609823697336,21.743330844572288
2022-06-25,-28.634753567891305,-6.995124995428134,22.60870843160569,23.410454513651455
2022-06-26,-28.846545703499697,-6.298693633500461,22.677725277228777,23.99622010519917
2022-06-27,-29.02393479106437,-6.828716631983346,23.448800419843497,23.89546259303387
2022-06-28,-27.99887408568818,-7.955458276047562,23.979083109068696,22.57778154503536
2022-06-29,-27.694521952704775,-8.418032515042004,24.444089592642246,23.821432526080542
2022-06-30,-25.78482903690234,-9.87862001213796,24.38828528202204,24.019544785058248
2022-07-01,-25.768608777293895,-9.38782608018705,24.56468857930816,23.367511557188227
2022-07-02,-28.327061695273514,-8.050939058626339,24.00582966287217,23.54387239575704
2022-07-03,-26.995620230686185,-6.41308914636139,24.726341463301257,23.995694492658554
2022-07-04,-27.78293464324726,-7.0774702105988965,23.977723827952005,24.583657949542136
2022-07-05,-25.66933602262353,-6.719465934287381,23.5845115690142,23.448299725745954
2022-07-06,-26.383483957173418,-5.722182495376115,22.462085381437085,22.857259976486755
2022-07-07,-27.17276763514,-4.938872332221239,22.39186894087999,21.092987314771804
2022-07-08,-27.760336957974673,-5.608661413212721,23.308224881006847,20.028074052597113
2022-07-09,-28.80656003040397,-7.502920560185787,24.22502716870048,20.645941475798274
2022-07-10,-29.558969390871827,-8.04822747964184,22.632539324190013,20.260636453195257
2022-07-11,-30.040396991901872,-7.60641161246699,21.602132176502877,19.678851989559604
2022-07-12,-29.95915198379998,-8.058174190885365,22.21345529391769,20.217649329401837
2022-07-13,-28.886327087632647,-7.288794333859053,21.226032389555392,20.07316989349767
2022-07-14,-28.439995211287236,-8.963838034548465,21.430891920589524,20.56252334967123
2022-07-15,-28.590810492453734,-10.304614134101174,21.234421915447115,21.59072596651738
2022-07-16,-27.69807169954344,-9.601222166399989,20.52552178671525,19.70476991613815
2022-07-17,-27.569857143222222,-9.645264620772114,18.228828332750727,18.690234226973597
2022-07-18,-27.41943799776373,-9.309737192245814,18.772729082384195,18.888377809061886
2022-07-19,-27.91341071755032,-9.094690124865295,19.043889207752027,19.488078760296357
2022-07-20,-27.617592255751603,-8.889843960314485,18.802902319350274,18.871155407264048
2022-07-21,-26.474714564381483,-8.714894135907425,20.87351186165493,20.43459128712226
2022-07-22,-24.630554686128768,-7.902063690884599,21.8126378745851,21.565795591916025
2022-07-23,-24.722015390889062,-6.725963979673847,20.48973408491669,22.381298434452372
2022-07-24,-24.365335123566968,-5.561202331444046,21.19652107836065,21.889024535234693
2022-07-25,-24.62296593077914,-5.983723126357245,20.376111281115968,21.534093207209914
2022-07-26,-23.05819033594115,-6.193940242842525,22.031024083974515,20.745879503265652
2022-07-27,-22.573452157201036,-6.64745813418461,22.561023579367188,19.87808937814297
2022-07-28,-21.731522332128932,-7.227382990036915,22.874103829680628,19.59439433646606
2022-07-29,-20.84941912441746,-6.057357269495237,22.96398515084322,19.011401296199733
2022-07-30,-20.79262687936677,-5.87388813835364,23.93698750477706,18.244754709587674
2022-07-31,-21.822695952940695,-5.91358005041242,24.16400299428472,18.52518690120493
2022-08-01,-21.502347845603175,-6.1882735958219195,22.319031863830663,18.61940442632554
2022-08-02,-21.287421488263515,-7.196243508749438,22.570761773148103,19.44872013967841
2022-08-03,-19.29674206076925,-8.242365403026158,21.686165913702276,20.244802699124037
2022-08-04,-18.765624513712797,-8.553711567073785,22.403910786436352,21.134434849765313
2022-08-05,-18.532683083053,-6.49911035928433,21.13725187752502,19.52386075964525
2022-08-06,-19.86115317991967,-6.686145515909862,21.38837647444901,21.874242017352838
2022-08-07,-21.20290865096998,-5.2798969170291405,21.061980956392198,23.232066548528255
2022-08-08,-19.639040203696872,-6.659753286706505,19.942348970880946,20.640045848123798
2022-08-09,-21.64401467053281,-6.291762124338965,19.38704109552633,19.992982328717176
2022-08-10,-22.15155970122757,-7.7899255012271595,17.443643117968946,20.61471120985313
2022-08-11,-22.248073264586605,-6.488023192765347,16.40159489924154,19.303966019509375
2022-08-12,-21.363391320878772,-6.68937793292144,16.92414635159743,19.683198909830963
2022-08-13,-20.950648364956415,-7.151889177041148,16.16215366778262,19.648110972849473
2022-08-14,-20.797299046787554,-8.004235793341868,15.490946669477662,19.4740687182076
2022-08-15,-19.396041289328217,-8.30944136945599,16.191724602577473,18.576659471799
2022-08-16,-21.220611829883715,-9.094340673127338,18.023957586956147,17.467842293001926
2022-08-17,-20.56744784089445,-11.379867955585357,18.243201021111343,16.899399959779046
2022-08-18,-20.79936654549647,-11.628835307223174,18.147312404046623,17.807869479565657
2022-08-19,-21.30695795210841,-13.449405998786181,16.5024458023757,18.22405747002135
2022-08-20,-21.236016964426224,-13.31047777004744,16.141000010620424,19.059202905410743
2022-08-21,-20.943676070509817,-14.57060238254618,15.43184969597584,19.330586892426634
2022-08-22,-21.240208376632978,-15.128250458954415,15.545071974990988,16.988515259087496
2022-08-23,-21.404873977448784,-15.785522461837543,15.516361614661468,17.580738095482953
2022-08-24,-20.5885898041326,-16.375788564211266,16.792781181659603,16.2344913774646
2022-08-25,-21.625648470695293,-16.970997968524383,17.913375695964618,16.48713759010562
2022-08-26,-20.67176043449164,-16.444632568685424,17.97520957605509,15.005688942179784
2022-08-27,-20.268767311256017,-14.533513040818201,17.399239476005107,14.229722736891448
2022-08-28,-20.24371474497859,-14.642809251282749,18.363257367714123,14.750998008093248
2022-08-29,-19.023980787516823,-14.535130382769331,17.969315680336493,15.911734845636197
2022-08-30,-18.84440590815454,-14.81457235896032,17.205568591818082,16.16378386922464
2022-08-31,-19.077759342773245,-14.770151229672848,18.374801133138444,16.486050038287086
2022-09-01,-18.394739045731306,-13.344734793647168,18.672189285147724,17.607956888163088
2022-09-02,-19.85415603761034,-13.235273821548214,20.466306613795908,15.931071135625745
2022-09-03,-18.405886272973447,-12.32341612734142,21.14091094925866,17.316770803137366
2022-09-04,-18.258465192560752,-13.523134628265423,21.297075262832944,16.58550487957549
2022-09-05,-19.75419550114099,-14.234436920900524,20.72431955916117,16.659464199095908
2022-09-06,-18.5645816010979,-13.78780315267215,21.21506376787959,16.278035866993452
2022-09-07,-20.22645619460726,-11.643358141288022,22.584864307694854,17.528358648604332
2022-09-08,-18.680716932423003,-11.317206643949124,23.693726461528698,17.008708208547624
2022-09-09,-20.09989792468634,-10.073667145760595,23.617732342833655,15.6805102196954
2022-09-10,-21.915542024839727,-10.479725129352804,24.769804922315405,14.338964835432261
2022-09-11,-21.851567195076324,-10.87589804710858,26.118595329214195,13.692516592449438
2022-09-12,-21.278966767046903,-11.387986935958134,26.58754746299947,12.401185777666761
2022-09-13,-21.062300734881145,-12.774371613565002,25.059017013782622,12.255510680708984
2022-09-14,-22.469960687550756,-12.35251547880435,26.21962416382089,12.284306216943298
2022-09-15,-22.101090563664396,-11.440961985734535,28.23870092763424,11.870980220500966
2022-09-16,-21.551935937312606,-10.856402877852492,26.3748145621711,12.339404840392742
2022-09-17,-21.586133550556916,-10.762269300046302,27.6680262506797,10.113637789269255
2022-09-18,-22.37136931668712,-10.257323068618177,26.17148293291271,9.087827043141546
2022-09-19,-22.440933027065675,-10.926952467897612,27.50556336655817,9.212402832479995
2022-09-20,-21.781290817772927,-10.782310354984768,27.709852279190684,8.844115318150024
2022-09-21,-20.75420059769675,-10.146565975044995,25.968390748270235,9.483452585114982
2022-09-22,-20.05834282402227,-10.48327412922486,27.068772559374484,8.973745740503036
2022-09-23,-19.998177902701514,-8.895991052963868,26.809985692510903,9.508975617110309
2022-09-24,-20.697692629703063,-8.287006614724259,27.12833007605111,9.788904446988456
2022-09-25,-20.43321685666853,-6.158531163242267,28.57161730331778,11.143925415353378
2022-09-26,-20.86514097154165,-5.601673682953641,28.276696600871077,10.934759570280907
2022-09-27,-21.605002304237015,-5.269861518694279,27.604201946080455,10.432300848540166
2022-09-28,-22.715540288873154,-6.501804910138601,26.49107954106887,10.322942004039975
2022-09-29,-22.539021530999925,-5.003052417160926,26.323311632752954,8.437196550366028
2022-09-30,-24.26932639971568,-3.972627761039556,25.63997423237621,7.989728188183922
2022-10-01,-24.86549065133884,-2.1003979715772836,25.843169557725528,7.215896738003538
2022-10-02,-23.938372086859502,-1.7226320087566531,26.527719474424078,6.680600748182179
2022-10-03,-22.47954869306519,-1.1667771805407354,25.460669405460933,6.623889849777684
2022-10-04,-23.015595709127197,-0.07724978926696657,25.583101871309673,5.3844254986557125
2022-10-05,-24.713765695355086,0.12283961252464415,24.84858651160808,6.679379481868849
2022-10-06,-22.25196970720814,1.7861792784990058,25.063335352434084,6.84564951106085
2022-10-07,-21.80848276229948,1.3834769112892331,25.512527966375426,6.93560520852996
2022-10-08,-24.09277712983973,0.8326533241919877,25.82161845077259,6.933993784244081
2022-10-09,-23.493913452100717,2.8147919594636064,25.69266170398015,8.388996436599397
2022-10-10,-21.94420433041268,2.8187441892972296,24.605016174312727,8.321887749796707
2022-10-11,-21.85294021312253,2.5213112858602003,24.248930209523355,8.32445905001631
2022-10-12,-21.2736789528335,0.9270330417943309,23.174909297577376,6.789629169683468
2022-10-13,-20.979314070201006,1.7043577455657921,23.708945173297636,6.429458283655955
2022-10-14,-20.560163666522993,2.7288818461097515,24.426150222463278,5.839474785681396
2022-10-15,-22.220131436892725,2.1696229353837446,23.72788222703895,5.038213295552179
2022-10-16,-20.008272600124744,1.3512977073689405,23.929898390916698,4.886515328326209
2022-10-17,-19.758381107418366,-0.7906675381104216,24.949140922816834,4.337964026780888
2022-10-18,-20.468235612707797,-1.6170171422880626,23.429217168382564,6.357632826950242
2022-10-19,-21.000342492280364,-0.5814866327165014,23.859558688978247,7.7542106036471745
2022-10-20,-21.305245343326188,1.3624020446020504,24.314874547877263,6.182786453582638
2022-10-21,-20.777086393322072,1.398667482402156,23.5153482680287,6.678644830525868
2022-10-22,-21.76641431501262,1.6357019481912687,23.888603537621044,6.86092514691721
2022-10-23,-20.835599291225414,1.036607483982293,22.810532612152418,7.258054379795203
2022-10-24,-22.463076085788217,2.901864741416756,22.36496856949224,7.766412433348059
2022-10-25,-22.002622844487274,3.436136710740138,21.507425032652694,8.560949069754082
2022-10-26,-22.6147011776852,4.011338899880883,20.622895115093993,7.745749055878552
2022-10-27,-20.856101874941135,4.193759476454017,19.79538723671249,7.1712534173956906
2022-10-28,-20.589383166122516,4.326672765405168,19.51708331509527,4.911006055881176
2022-10-29,-20.485672589445823,4.484156047661044,19.03173931474423,4.37596709993915
2022-10-30,-22.39502648073885,4.224064987526193,21.354606408799192,3.8026128964460484
2022-10-31,-23.882485937669625,5.5822292084104435,21.999044099293833,2.3435540299374376
2022-11-01,-25.18900255284573,6.411318109624094,21.829509534760152,1.8326806979923222
2022-11-02,-26.308626815299625,5.385555222282936,22.88140814883257,2.7339823058526243
2022-11-03,-25.461696211168015,5.271319775563257,23.45093509159518,3.064628784865531
2022-11-04,-25.044890972344756,5.80968973207127,22.627024981321618,2.6583576031749265
2022-11-05,-23.839215182609582,6.853124908936614,23.35719873953992,3.2529052499236757
2022-11-06,-25.504332873602493,5.533695776593197,22.696335082202147,1.4336895113943098
2022-11-07,-26.99912333452816,5.804547401150558,21.875736506254952,1.5797547373802476
2022-11-08,-28.758086337593152,5.192765499916296,20.577763468850527,3.821597257527703
2022-11-09,-31.020700556018674,4.451490812685714,20.330786062319522,3.667803548068427
2022-11-10,-31.96018231738042,4.993463569474305,22.17606177567213,2.092035845706979
2022-11-11,-31.663697334887882,3.9180508156966187,20.851918009294558,1.3452988003160664
2022-11-12,-31.402607294105245,3.9439959963907496,20.087796952502114,2.3010085116718724
2022-11-13,-33.98832494503345,3.98627409170686,22.02088056106693,2.5579538281037815
2022-11-14,-35.01037590091847,2.7944258616792643,22.085147772835594,3.3596560206207187
2022-11-15,-37.02705209450647,3.7865129970191918,22.999616248485655,3.506725281663931
2022-11-16,-38.537215772155896,3.50595110789556,22.21550294793983,1.4656798283230281
2022-11-17,-40.547915061979765,2.94717695722062,20.129522228550528,0.9580015749343421
2022-11-18,-39.780550019596525,2.5235621620890534,19.64873479924935,1.7263587350043659
2022-11-19,-39.961634806991995,3.4536758623287325,18.494612793269372,1.100241491096052
2022-11-20,-40.32899263184694,3.532144438343076,16.867555238075074,1.8221275527087197
2022-11-21,-41.00381736593436,3.1508413431952684,16.29235556057148,-0.13696568717695867
2022-11-22,-40.47008303963598,4.862353759881189,16.17523202214481,-0.48542250004705956
2022-11-23,-38.58316438165568,3.4395686648521315,16.263495752926335,-1.4469676510612994
2022-11-24,-37.04814143130028,4.132077400465543,15.955544214197374,-2.2780895051052856
2022-11-25,-37.88409348171154,4.923050676600978,14.858897112355384,-2.321081837403517
2022-11-26,-39.39068463671703,3.7730419629524423,15.234363997157008,-0.8528327076573772
2022-11-27,-40.501314023807076,3.5836149113736524,15.65493901213503,-1.424711873078619
2022-11-28,-39.175964800008956,3.7023020181742963,16.182039284471543,-0.29234299743671
2022-11-29,-38.7949942552722,4.118059411611536,17.02380230548402,1.5237687174617993
2022-11-30,-37.93420617710634,2.888825529385654,16.27583650385567,1.6534201046703623
2022-12-01,-37.734299894888636,3.989361474891366,16.27231448637267,2.0073751498444974
2022-12-02,-37.337911205201166,2.549209080901461,15.655640103784966,1.2096755493789288
2022-12-03,-37.55381757645875,3.017689341280682,13.805522859733175,1.4642625015315938
2022-12-04,-35.80827247495779,1.4162919959545541,14.425858767881069,0.8786852873892212
2022-12-05,-36.34271421115115,1.091807425132551,15.65652581229507,-0.27042678461982605
2022-12-06,-35.38581775005929,1.5089330069043148,15.827038857780535,0.16394382762239612
2022-12-07,-35.80859790543804,2.150682348941198,13.955849167109129,-0.42659542661926075
2022-12-08,-35.052186271658805,2.9718573956605057,15.632042029247254,-1.4201487920689457
2022-12-09,-34.19614554982275,2.809248347940049,14.099226690226224,-1.4207935003879555
2022-12-10,-33.28945868992056,3.950377735713308,15.146136847437395,-1.0196209192203285
2022-12-11,-33.76407621671477,4.667860135845143,15.835879826029036,-2.104475388849724
2022-12-12,-33.925438552777614,4.456131970119429,16.131846998449543,-1.294034195587
2022-12-13,-33.31766685483427,3.457513575866434,16.627432824335934,-2.4212379489689013
2022-12-14,-32.61136818466011,2.5218376566490903,16.620738929723167,-2.0414956512521707
2022-12-15,-31.367091110736954,2.1281253657931067,16.71631510520712,-1.6281012717653482
2022-12-16,-32.086069353338864,-0.029032427080808443,16.940895780122815,-0.021973696738787796
2022-12-17,-31.852670528271588,0.8054433403531004,19.339014027899427,-0.813694132559057
2022-12-18,-33.23766595470498,2.0098142066885,17.882690017259517,0.37126032533085085
2022-12-19,-33.36936856228351,2.2034831569131366,18.69553908938515,-0.4961362353970932
2022-12-20,-33.287800718461156,3.734591390059058,17.57906991399041,0.7550209314217678
2022-12-21,-32.62737351623062,2.488627287925368,18.560698620685564,0.8178835520377872
2022-12-22,-33.61705803770287,2.45775829292574,18.013355923257542,2.044492084992221
2022-12-23,-33.35263628660882,0.8236841641001209,17.58753284847885,2.153480721499975
2022-12-24,-34.82986080519483,1.4572159300599359,17.604668024455076,2.686090486339576
2022-12-25,-35.153998661267366,2.943762569335517,17.41926292357743,2.690662478873364
2022-12-26,-34.48948269316877,2.756390632657271,19.048079007381034,1.4046457793439282
2022-12-27,-33.73584162875538,3.1477066142957115,18.679614255825072,1.151835180492284
2022-12-28,-33.02572982025273,3.1614351781848065,18.35692603590419,1.5741684353880456
2022-12-29,-33.15748283016951,3.754640975115657,19.491877100529447,-0.7166554388441984
2022-12-30,-32.276910571898675,3.97837115816986,18.68492546870531,-1.1106216351326104
2022-12-31,-33.16131611677417,3.9195469486074344,18.785319787205445,0.10558213263998595
2023-01-01,-33.63833335264554,3.5694987322150076,20.272007107360096,0.643617011647472
2023-01-02,-32.32301044813058,3.040148259527035,19.92314064974297,0.7786583047437289
2023-01-03,-31.758422347456946,4.6991518159551315,20.43172490765461,-0.2267734279934851
2023-01-04,-32.13493037131879,5.155442212054932,21.084421925028757,-1.5617018023419522
2023-01-05,-33.20107022020734,6.381759806191041,21.262579216808383,-2.0012768260591773
2023-01-06,-33.68259809897344,6.687390414318248,22.97352532484916,-3.1298231624691417
2023-01-07,-34.5544306881913,6.098291336960929,21.626887374439992,-4.028920436073177
2023-01-08,-34.46740672523198,7.318643152467226,21.329936597848842,-4.99234381043357
2023-01-09,-33.68756726682654,7.656549408158543,22.161791599655444,-5.069560412073842
2023-01-10,-33.452063441917836,8.105441966685856,21.53544408046246,-5.574836177887129
2023-01-11,-31.36247613052882,7.542027276812793,20.28217503525281,-3.559499489310491
2023-01-12,-32.43899483182846,6.370880719451533,19.964814456056985,-1.5679452343912885
2023-01-13,-33.10212866331667,6.365260400503033,20.110031165329506,0.340041474110663
2023-01-14,-32.89477877193182,7.786096350206714,19.535531042871114,-0.03066250073374316
2023-01-15,-32.277210038757815,7.802242709962937,19.91309853520187,-1.2480015784022807
2023-01-16,-33.9167400352682,8.36147494110132,20.553454624589655,-0.2802929129467505
2023-01-17,-31.56497071885771,8.570359066860911,20.91102786038205,-0.16614298757293555
2023-01-18,-31.331913797349877,7.16655117846447,21.412642984225954,-0.5413535211234294
2023-01-19,-30.622111254383803,6.601742834647753,20.829601102976113,0.20715312430277855
2023-01-20,-30.197319386043567,8.106433006439314,20.408233542215008,-0.08631813111149816
2023-01-21,-31.432244175823094,7.899125461442703,19.937908131916505,0.8174212317087846
2023-01-22,-30.938823060108817,7.138100377598767,20.72761844922689,-0.2791059874552908
2023-01-23,-32.565494508511776,5.6626654976965085,21.581693256674416,0.8512031795093351
2023-01-24,-31.33599091168295,3.32741569436882,23.39592615766086,0.1819851813783988
2023-01-25,-32.30467894197077,4.308723281917112,23.463503924600467,1.3746093502253514
2023-01-26,-30.69713513572206,4.2947584172844575,21.229011840621503,2.7095366364737328
2023-01-27,-29.309363080745435,2.4902761666730626,22.478648349939707,2.2091263380116617
2023-01-28,-29.98074970711901,1.6310208027670452,20.614519262334706,2.563476220932835
2023-01-29,-29.688243580647068,3.463182022362889,20.789206142780163,2.2827263179583754
2023-01-30,-28.0653504570535,3.03874714226585,21.288491534599785,3.594570201315198
2023-01-31,-28.639672445329502,2.620687028975116,20.371013360843,4.430506894774432
2023-02-01,-27.77166894638578,1.286996076701923,20.388594249427396,4.763006227095325
2023-02-02,-28.008871452936905,1.2057684270045288,20.940438707543493,5.759044383437914
2023-02-03,-28.587046307504714,1.5840126346383638,19.941144584110035,6.040253253884233
2023-02-04,-28.3043866297514,1.1146627608633086,20.16041923888389,7.42720145718153
2023-02-05,-27.887108244972822,0.5133885903738551,20.355692447887666,6.512740348243972
2023-02-06,-26.976354271243533,1.5114078444704044,20.31466356892456,7.442293674229637
2023-02-07,-26.981550636958968,0.3706549682991658,22.17845144417129,7.413735860915211
2023-02-08,-27.782572305813304,-0.521920906790032,23.271268893132916,5.033006023674217
2023-02-09,-27.484135629450602,0.059916161161847836,23.279621247797017,5.076822687265626
2023-02-10,-27.7249697333902,-0.2510721895444605,24.812038424653785,4.683777232911153
2023-02-11,-26.91173349884334,-0.5619400185270629,24.28581265974165,4.067582114695686
2023-02-12,-28.135734229041862,0.01241503221697271,23.751503694339323,2.3011499650122516
2023-02-13,-27.66874402201129,-0.014189116852379991,25.5325516172508,2.269695898516013
2023-02-14,-27.233681047190547,-1.6865829739346103,24.63784273616885,2.2951795172763094
2023-02-15,-26.37979679215867,-1.8249922459286754,23.019868080876595,3.740833187006851
2023-02-16,-25.84095093506964,-1.4400878975748115,22.291934827749344,4.6867951920991935
2023-02-17,-24.862604731539793,-1.9035105759223785,22.502946094010063,3.1618177552696767
2023-02-18,-23.53964965303782,-1.6541539661958107,22.12810890685176,2.224657910281485
2023-02-19,-23.866789863385147,-1.6572404438950605,22.416469663028312,2.0557002334509327
2023-02-20,-23.516530493894084,-1.8087460394978587,23.61682683743249,0.07474134667879628
2023-02-21,-22.799468070287315,-1.291489608637991,23.483422745871973,-0.35051017247221106
2023-02-22,-23.365911101164848,-2.8809197624941705,21.684599210582792,-1.3372053589846384
2023-02-23,-23.724825062752767,-3.394529733087876,22.938295055656752,-0.8349455055379476
2023-02-24,-24.192790231877748,-2.7777763853305046,22.77012607312706,-2.199291868428048
2023-02-25,-26.441188361100682,-3.116053828380645,24.061949093936658,-3.038601155647634
2023-02-26,-26.7249874138228,-3.5412067714620634,22.398625916653582,-4.5999811711633045
2023-02-27,-27.25548006937013,-3.6055165906101703,22.810450384737276,-3.8676054365754617
2023-02-28,-27.802716314719596,-4.588227587696928,23.460072341549573,-4.210622850711347
2023-03-01,-28.38054309449558,-4.033195259052148,23.56630544548259,-3.3161578827505416
2023-03-02,-29.123256849153396,-4.428260285314621,24.276282520431284,-3.815329180915552
2023-03-03,-29.27891558097853,-6.224552934161208,24.714195851830688,-2.447248356843369
2023-03-04,-30.272650318800444,-5.096528365786979,25.149739660964933,-3.7164155156856857
2023-03-05,-30.12547483217634,-6.353175905623673,25.478035567688444,-2.6018799816384384
2023-03-06,-31.48824627286771,-5.511908936877152,24.223532913756877,-4.168613653321097
2023-03-07,-31.356452707418374,-4.976150936375368,24.061887895420973,-4.75404303611212
2023-03-08,-33.078555342260984,-3.8730680890422926,26.279205955120556,-4.0084877073396274
2023-03-09,-34.57728827689486,-3.9372079056388816,26.005331351075238,-4.567630178709617
2023-03-10,-36.34283720449525,-3.629015520716731,26.81283060161436,-4.78303084992285
2023-03-11,-36.805496349498924,-3.157269253029182,27.224757175997205,-3.6869461289573793
2023-03-12,-37.12203848799858,-3.9033303377003046,25.53133363175914,-4.447698401137631
2023-03-13,-39.93314604655877,-3.4828040189919887,23.734045114783076,-3.578247127719194
2023-03-14,-39.400293494838074,-1.989139466953808,23.239870058080065,-4.46565055770632
2023-03-15,-37.6438953193084,-1.3890103370057685,23.84844353587083,-4.731935165094123
2023-03-16,-38.74046320541993,-1.6759463785565365,23.230173527712353,-5.3223767343343935
2023-03-17,-39.33060734121709,-3.0263911141156514,25.51823013728719,-7.2196780264556875
2023-03-18,-39.221459314833474,-2.3429999832960324,25.336042355078966,-8.526991059238004
2023-03-19,-38.84304081039257,-3.4780990115035406,27.212208723264574,-7.339239982719576
2023-03-20,-38.97101890665184,-3.7462227796480008,27.84019072145234,-7.556396155866345
2023-03-21,-37.739367495428205,-3.311721998282408,25.326442612755585,-7.653728114442042
2023-03-22,-36.25460608651323,-3.396521809411161,24.10407999745073,-7.2503090893192
2023-03-23,-36.47570669306397,-4.288815946209531,23.02642744485485,-6.422107893582986
2023-03-24,-35.349244564006,-6.305887073615365,23.443051720061398,-5.209235391547927
2023-03-25,-35.926109109353476,-7.015740132356583,23.209993419574488,-7.523843459795313
2023-03-26,-36.243149804982174,-6.53491912283788,24.66350443345989,-8.586754930951557
2023-03-27,-36.895851806275225,-6.3119288252179615,24.81050529045579,-8.785318341393618
2023-03-28,-37.71525558801628,-6.385380400650465,25.15377910749239,-7.419405550769141
2023-03-29,-38.988448486812615,-5.907915952986987,24.107470015191804,-6.8380554962130775
2023-03-30,-38.587539233277134,-5.3479478133737635,24.231609351678614,-7.714200603619147
2023-03-31,-37.18869319132504,-5.787040510183874,23.638235130006166,-7.48606037862095
2023-04-01,-38.04337937494583,-6.857274330745408,23.478148180906334,-8.294037655838402
2023-04-02,-38.44092070095455,-5.920521277625508,24.401015281156745,-9.674925197905319
2023-04-03,-39.49340642266478,-6.332102770443421,25.77183700287477,-9.748498441766746
2023-04-04,-39.133890375458016,-5.261138628858485,26.538918714870636,-10.488354082471735
2023-04-05,-39.483948011980374,-6.510297966479314,26.880294279285838,-11.44945093425022
2023-04-06,-40.81213857470216,-7.759462370307016,27.451998206830012,-11.6755245837912
2023-04-07,-40.093095189388016,-7.286077406328107,30.61373691745839,-10.836117983639019
2023-04-08,-37.88903534625853,-5.7138834272855465,30.24986338653643,-11.27775116319702
2023-04-09,-38.252439726710506,-6.121088156645757,29.15346829922476,-10.661500268347828
2023-04-10,-37.553284701085225,-5.244380711518018,28.12618228322994,-9.321280977327913
2023-04-11,-36.242832133899135,-3.5689933640298674,29.011421282665363,-8.311578508334627
2023-04-12,-35.410759895608116,-4.568510984614587,28.066368036004743,-9.859426200135514
2023-04-13,-34.41054675930671,-5.455928938691159,27.559902023567396,-9.18506796549432
2023-04-14,-32.53215407758145,-5.327235662873613,28.11330934515166,-8.394768708979063
2023-04-15,-32.23655263287103,-5.970847628604717,27.98672204310886,-7.510257773407828
2023-04-16,-33.33504401800713,-4.957550904595054,26.376919996898256,-9.975650393881338
2023-04-17,-34.074567026249326,-4.794641002965947,27.549912212814238,-10.351555644659785
2023-04-18,-32.292228042023034,-5.397572884359106,28.538658088542896,-10.17649261552145
2023-04-19,-32.731238709201556,-5.640774693151812,28.024852551619112,-9.045995819735385
2023-04-20,-33.503074941035436,-5.029529255814211,27.349387123485954,-10.282453381324274
2023-04-21,-32.995474917642625,-3.8818745877709677,27.678047477043425,-8.925690191431745
2023-04-22,-33.214400620928174,-4.493046727018666,25.887422084463264,-8.586229068586455
2023-04-23,-32.59736454479363,-4.5440446696497325,26.047714233658517,-7.699385196265042
2023-04-24,-32.199846840362696,-5.309248227067734,26.973507790345217,-8.800780333856855
2023-04-25,-33.34823422029489,-6.331106081854506,28.341794771898016,-9.327990208591736
2023-04-26,-33.59241309518673,-7.716503053934861,29.245074987786776,-9.352811419865274
2023-04-27,-31.546723501790012,-6.907249636410423,28.937614917663723,-8.625734153127947
2023-04-28,-32.31633567119628,-5.773887409578906,29.815271064935484,-8.70158273783644
2023-04-29,-31.797648048155267,-6.767794240931986,28.553034243634507,-7.362957803500169
2023-04-30,-30.510400536976295,-7.4362216752618115,28.90463070610856,-5.812644170535155
2023-05-01,-29.859840601897343,-7.483232484680165,27.40267186450764,-4.108237882251375
2023-05-02,-30.063304215209175,-6.5134003909428815,28.50560240503285,-4.5914930458225625
2023-05-03,-29.13177615195061,-7.002550230888562,29.444600752928586,-6.11989385056973
2023-05-04,-28.0429019868264,-8.54647999017239,29.20966513882392,-5.90723927908477
2023-05-05,-26.54035708608381,-7.40434444073814,29.593540163457227,-5.2332705681367475
2023-05-06,-27.071587130992658,-6.945355124304071,29.177076906978133,-6.307812888057963
2023-05-07,-24.290847552719185,-5.732347441882292,29.02200129680937,-5.45172189416908
2023-05-08,-24.547546930328338,-5.156290806762452,30.249292927497635,-5.432643284354998
2023-05-09,-25.848039215660755,-6.249119767405185,29.765029133451264,-3.9557900448874115
2023-05-10,-26.33129268166771,-7.069107659077402,30.292809241232607,-3.8531417237287133
2023-05-11,-25.799238603525424,-8.487700991562486,29.67807078341849,-2.273046175594062
2023-05-12,-26.01930810667025,-7.470674040227939,29.548188555126703,-0.18365845190770713
2023-05-13,-25.297799244954863,-6.614762544187432,28.709511671856813,-0.41330536455011474
2023-05-14,-25.80682048326993,-7.160538815181632,29.35298427523882,0.23229997881317072
2023-05-15,-25.232093533745985,-7.162585621753188,29.924972741410066,0.9372741692534292
2023-05-16,-24.230894581518935,-7.545615153933981,30.12190360183268,1.2899875324361727
2023-05-17,-22.916655726460647,-6.174390952099349,29.686324191314323,0.7545203696898641
2023-05-18,-23.509257549740525,-6.650575932985208,28.932587339280065,0.7162306451741057
2023-05-19,-22.621885025322914,-7.2641565700302735,29.24804466627929,-1.2520013559528413
2023-05-20,-22.512043263521324,-6.549746558811931,30.090284103437487,-2.368781299080297
2023-05-21,-23.199653925907842,-6.331040443890188,29.863384569231098,-2.2192004628952264
2023-05-22,-21.738042358111787,-5.344715641707221,28.130825628220133,-0.9449143460761091
2023-05-23,-20.668204185199322,-3.1935238601973115,29.38983120551215,-0.5579581419538677
2023-05-24,-20.13381628919344,-2.515048681807396,27.187110129872863,-0.8270643829234336
2023-05-25,-19.996448005509457,-2.402953805747563,27.95550589390438,-3.162996777000222
2023-05-26,-18.312858266275935,-1.8630109774083021,28.274319036762524,-1.716593199470384
2023-05-27,-18.48979669621898,-1.6042220520263855,27.65223937085289,-1.8449157544485506
2023-05-28,-18.846118869444094,-2.4120167874322624,25.796577006877797,-1.5318449359801134
2023-05-29,-18.602752947304786,-3.3539651845983522,26.40264815481755,-2.7920421556446273
2023-05-30,-17.654581587587913,-2.777824418561768,28.224275817197697,-3.282725521344809
2023-05-31,-17.55354005326722,-3.136511640806982,29.550021992184927,-3.5634612820848517
2023-06-01,-15.698661510193112,-3.5887959753550427,29.188315928009132,-3.092349200905252
2023-06-02,-15.254807678013531,-3.5956663675124747,28.52842205504239,-1.615119749357966
2023-06-03,-14.417763828428306,-3.6005573180877413,27.827174797912566,-1.6360836748687715
2023-06-04,-13.954339101124052,-3.619914672992636,27.004898402628438,-1.6357696847602643
2023-06-05,-13.48090813265089,-4.975940674788074,25.970795413081653,-3.9719150589631584
2023-06-06,-14.633320012396144,-3.5803394670744266,26.185185638309033,-4.104860296914881
2023-06-07,-14.936417851273589,-5.715242029102614,26.649619812061896,-2.985899572996142
2023-06-08,-13.424985451209372,-4.404062509020047,26.76387311156549,-1.614603507621778
2023-06-09,-13.202475654844763,-4.974268580926012,27.116259773083655,-1.9737416612474648
2023-06-10,-14.212913896346546,-4.075980528680225,27.450431714876284,-2.2321875177679686
2023-06-11,-14.681426549159283,-5.508020285636427,26.397144097076957,-2.343456578271578
2023-06-12,-15.192136329012811,-5.201510094882928,26.501312242033926,-1.1813687146877767
2023-06-13,-14.061698351306882,-4.800408920209234,26.723302507163183,-1.2595160728886048
2023-06-14,-15.007147049343484,-4.519102487283708,26.690692175821734,-3.110484628578509
2023-06-15,-16.02021194554626,-3.8907117137588503,25.75700857819487,-3.2843027601497847
2023-06-16,-15.462687384641827,-4.580726269969267,24.798992221312442,-1.090470793058068
2023-06-17,-15.763466913259814,-4.385543901717756,25.554961040853147,-0.17642952693444347
2023-06-18,-17.99816780594161,-4.168057850871185,25.973041796045887,0.38692651864045635
2023-06-19,-17.55842124476129,-4.001317782333874,26.703889194050124,-0.6848030065978007
2023-06-20,-18.519558380089194,-4.254848295524749,26.268158253878454,0.2347967260460997
2023-06-21,-18.010496234594743,-3.7876211391529973,25.49661529131748,0.06513961821911765
2023-06-22,-16.727812673157324,-3.9137423705727383,26.29152689278117,0.02291179495983682
2023-06-23,-15.771980501468079,-4.166019026968247,27.31797418076399,0.35980574285492234
2023-06-24,-15.44719564447108,-2.7517766065843228,27.25028894235809,-0.7416271982120961
2023-06-25,-14.79395260613594,-3.5192890088734172,27.004248129099924,0.5661728055999833
2023-06-26,-14.703898587616935,-3.2081072305794165,26.85076271108833,0.4811880986808812
2023-06-27,-13.945320680096469,-1.545045912977652,28.101880740861912,-0.34152898560010936
2023-06-28,-13.687466953853672,-0.6880998948810606,28.411458510162728,-1.2527641240699101
2023-06-29,-13.483677862953721,0.2440227802212962,28.841671092380984,-0.9797792370920253
2023-06-30,-12.89853358186678,0.6600632638449538,27.696504176050283,-0.050408591273048864
2023-07-01,-11.881159922349541,-0.0010057331735098263,28.80932189900021,-0.3228246163725134
2023-07-02,-9.825397591153186,-0.362138183302847,28.388633757729067,-2.099143016128442
2023-07-03,-9.243047906120157,0.15834665327002923,27.848578610659782,-1.0998852905652914
2023-07-04,-8.7876276282491,-0.7588244762218119,26.55389969429767,-0.8632850740083015
2023-07-05,-8.274997344343905,-3.751456349212231,26.974317739070134,0.551934432584
2023-07-06,-7.762104371671687,-3.8916321326906735,28.113018904804754,0.5600612486142263
2023-07-07,-8.064575155673463,-3.928005708922984,29.382394423841355,0.9887454424834137
2023-07-08,-7.0737711231296005,-4.965900359395419,27.256343953129843,0.45655300508512997
2023-07-09,-7.24678295926385,-5.493166953008686,27.80360357272715,1.0278328493944802
2023-07-10,-6.8401463922382915,-5.027496296649068,28.423731698998925,1.523625379997701
2023-07-11,-7.37312265005339,-4.416939326449993,28.866581858688008,0.8560686094874315
2023-07-12,-7.150345538320594,-3.79713730119273,30.151752493143537,-0.32364793655031043
2023-07-13,-6.983454403499678,-2.715526703664482,30.68360674736378,-0.24049877814664444
2023-07-14,-7.720759236453483,-4.217018489507101,28.756596715951535,-0.3701223477427418
2023-07-15,-7.025592425641524,-5.159713951743557,30.02512575598472,-0.737597179274786
2023-07-16,-7.804976864269291,-4.390192316851394,29.756884557918372,-1.360678547631096
2023-07-17,-7.40296497927732,-4.118710794421012,29.698579536141743,-1.2588503651436116
2023-07-18,-8.298165244470077,-4.206405271298382,29.535742117872424,-1.2402938321492833
2023-07-19,-7.917669818106826,-4.238376318990704,29.180765834905454,-1.6815853995189107
2023-07-20,-7.247975795832195,-4.644359676795994,28.883199904952377,-3.2913788290502035
2023-07-21,-5.871954037219157,-6.338130632035844,29.742840030416346,-3.8244921890166106
2023-07-22,-5.9847914179647885,-8.060914448091347,30.226246990324665,-3.7855553840628917
2023-07-23,-6.725742527945931,-8.167843456327896,29.158285897921314,-3.315115571934191
2023-07-24,-6.422483788212962,-10.429573513658966,29.129631492172518,-3.9459300293462216
2023-07-25,-7.726994861357988,-10.126012695211369,29.71747064647066,-4.788569019594406
2023-07-26,-6.6166540146972785,-11.1376780952392,27.443377328851557,-4.4895679334500596
2023-07-27,-5.354253070147442,-11.660655852386714,28.161886040650405,-4.784546175311428
2023-07-28,-5.535803172177826,-12.015979200133199,30.51698081050851,-4.238319021303771
2023-07-29,-6.753636190476062,-10.399857655321242,31.46878332644401,-3.9064897071806137
2023-07-30,-7.2502053151781025,-9.722139659442906,31.986072114541145,-2.866470507230442
2023-07-31,-6.5784675033482625,-10.167422582959563,30.326565349433537,-3.9224817642784764
2023-08-01,-5.875202705663918,-11.276761997971516,31.257732009235884,-3.916174791168065
2023-08-02,-6.735016305741689,-12.51827933914258,30.111303528883955,-3.9370156408356625
2023-08-03,-7.358311191461392,-11.75536335423963,30.28252082480979,-4.395512681080719
2023-08-04,-6.597966899056301,-11.67519811394506,31.381131456632165,-4.306511302384766
2023-08-05,-6.630075848446016,-11.797422856197658,30.868330232068214,-3.6250827888501984
2023-08-06,-6.876407101057651,-10.684434507877363,31.17175450295544,-3.6834234606318685
2023-08-07,-9.701278284944124,-11.163591296648756,29.526433236897656,-4.581707986612517
2023-08-08,-10.40279439979635,-13.14099579955749,30.270115101844237,-3.8930989008573778
2023-08-09,-8.603671778588023,-14.793629813171197,29.969067219554933,-3.1865561531852586
2023-08-10,-10.101823283680178,-15.447831077958936,30.120042619093915,-3.2644309398417493
2023-08-11,-9.3750777460817,-15.77655825860173,30.4675785371108,-4.024243842194216
2023-08-12,-8.653933465234003,-16.09152755609879,29.43772531565327,-2.734337008138917
2023-08-13,-10.242681577897597,-16.166165606743593,30.035114468928143,-1.9568967337776777
2023-08-14,-9.610504407020352,-15.912221181093003,30.51478455734075,-2.9433024135374426
2023-08-15,-10.387445294041076,-16.179389041355385,30.499243818677797,-3.945951818539949
2023-08-16,-12.753768984278235,-15.514192240517007,30.9667343751028,-3.340989791562753
2023-08-17,-14.52090748524834,-16.38341808587891,29.194642541359748,-2.6820624193167872
2023-08-18,-14.364353223245942,-16.523745296567604,30.073675321909924,-3.573510700112622
2023-08-19,-13.848545384906833,-16.50634935100068,31.606470768695246,-3.6158158568421976
2023-08-20,-14.536571562187468,-17.718946346255088,31.989843332791295,-3.318958164238193
2023-08-21,-14.217443845380448,-18.37585399682643,30.57991492305025,-4.269741628254343
2023-08-22,-13.605314294446856,-17.06774156698982,31.972929927208884,-4.174303250842857
2023-08-23,-13.782763862538904,-14.893543042967774,29.908510994532605,-5.166348108164532
2023-08-24,-14.280438866535976,-15.083558949059706,30.219879718545627,-6.281396635337684
2023-08-25,-13.60314799276123,-14.665554399339687,29.366692294128544,-5.0345633160199235
2023-08-26,-15.68403335989934,-12.718532491844138,29.661785032535988,-4.225938646751739
2023-08-27,-16.47607306548112,-12.942586180382397,29.73256228656473,-6.079881547474363
2023-08-28,-15.921903713675084,-13.07191193172229,31.333196072758945,-5.327392143164335
2023-08-29,-17.535023160049278,-11.446082325124797,32.64718666938542,-4.290574093796881
2023-08-30,-17.06924771259302,-12.562310317483533,32.619177571401984,-4.5377802207971065
2023-08-31,-16.460942975573094,-12.913293036422095,31.72469794908532,-6.109325040804678
2023-09-01,-15.236341709696866,-13.689125667964294,31.831196574711676,-4.740046462094725
2023-09-02,-14.917023008043143,-12.676767851604264,30.50325656879209,-4.986934629847523
2023-09-03,-13.382378157147796,-11.450177764420463,30.831403609246856,-4.268920210509817
2023-09-04,-14.757962485185864,-12.055730243393835,31.27121240861779,-4.354336154879498
2023-09-05,-13.705335067404885,-10.411895129211166,31.728813925058112,-4.083483738716385
2023-09-06,-15.887141834223431,-10.1997996677458,30.424612491410144,-4.0019539755220475
2023-09-07,-15.590549892848784,-9.548481668071997,30.03189959396199,-3.265230055145153
2023-09-08,-16.22699460614538,-9.741292053049161,28.635881444122,-2.6631884249033004
2023-09-09,-16.149502711126853,-11.355180229926146,28.996456289705552,-2.5735436784146293
2023-09-10,-16.273304335427195,-10.736151897404735,28.862992362927884,-2.742862786720458
2023-09-11,-16.903995032768208,-9.515402986845432,29.69684436753131,-0.786184794036416
2023-09-12,-16.706441638555948,-8.520753643424746,28.745252648598765,0.31537835616397625
2023-09-13,-17.299888823525126,-7.1020247892641475,28.731335645224757,1.4564284565760484
2023-09-14,-17.99878431812652,-6.928634045859081,28.69958309177397,2.7278690034923185
2023-09-15,-17.686427140045215,-7.020955028921413,29.06565582050445,3.8307314635377105
2023-09-16,-17.125170353487334,-7.04218394543645,29.0825885472995,4.435030718963111
2023-09-17,-17.010488179654512,-8.239189680385717,30.501665147347417,3.6898935030820033
2023-09-18,-17.343179142283507,-8.298694166593277,31.037110735342818,4.269756172230132
2023-09-19,-16.237095701443703,-7.82025506049414,29.935310561407615,4.133387272862484
2023-09-20,-15.9550981232805,-8.424757519831479,29.202641627463134,4.403477197392753
2023-09-21,-15.193515569850133,-8.348294346797772,29.774657902325586,5.513470344213253
2023-09-22,-14.93341254852532,-7.726946059424692,28.871889573666053,5.514019131697681
2023-09-23,-16.204374387872953,-8.072267583708813,28.673460466001575,6.545207148957706
2023-09-24,-14.61276790861783,-8.19041240103743,28.34875739826844,7.576206716485291
2023-09-25,-15.638189737045304,-8.498405271001994,26.63193331818267,7.2593144669468925
2023-09-26,-15.637682381986222,-9.76843163807889,28.225562176563038,6.412622978471574
2023-09-27,-17.038318224861825,-8.88309649694454,28.44081493887898,7.331542666511732
2023-09-28,-17.552217535856595,-9.167889748454115,28.14754903775486,8.83305097249336
2023-09-29,-16.68700276498389,-8.254648964874038,30.76705215412621,7.565082961508437
2023-09-30,-17.5240118326927,-7.324146906090828,31.14494291746305,7.464814138555196
2023-10-01,-17.494889661052277,-7.509074975003883,31.76677530692033,7.50224611903385
2023-10-02,-16.967889797332024,-6.488924707042235,32.96383689232986,7.404092049228564
2023-10-03,-16.11790179049312,-7.366886594953414,31.762014345261225,7.887987757104637
2023-10-04,-14.771977908230888,-6.31015568421433,29.501143385033814,7.688600760618767
2023-10-05,-15.606428409224359,-5.778009464775807,28.114811653292882,6.777249240435676
2023-10-06,-15.197187969449065,-6.6483441442444935,28.859349692304917,7.094066036533676
2023-10-07,-15.938246744524733,-6.865360150939058,27.919094779646116,4.882339091269792
2023-10-08,-15.899037403382264,-6.876957673540903,28.36913682643066,3.419628520442534
2023-10-09,-16.106351504598653,-6.483349555771185,29.93082686209856,3.573272907837467
2023-10-10,-16.113923104441856,-7.257323325989984,28.711056748779132,4.048814823695614
2023-10-11,-17.32505132707099,-6.602749129101053,28.538292024207397,2.642763671424979
2023-10-12,-16.53655048094907,-6.6552034611694,30.293063135738418,2.208795470935787
2023-10-13,-13.589029916708215,-7.562452266154202,30.854274598400462,3.0683849869610604
2023-10-14,-12.335518477880456,-7.887192024618784,31.59328846251912,3.6829677783913075
2023-10-15,-11.3894860049146,-8.580286272649033,31.452050060289412,0.9769154622808851
2023-10-16,-12.431414028721317,-9.45780405966488,31.391658469497937,0.39510999813610626
2023-10-17,-13.801095823131723,-8.47414261156502,33.13525959939661,-1.1471153503239204
2023-10-18,-13.504350911954893,-10.513750606380773,34.88080394723234,-0.7660869320119881
2023-10-19,-15.393051237454362,-10.65103114135138,35.41265554381615,-0.9810163339886103
2023-10-20,-16.079833180676204,-9.536790732994643,36.553644379780096,-0.2662352131500343
2023-10-21,-15.502417362156917,-10.439111584856157,37.37343334661668,2.2265511162387464
2023-10-22,-15.115221149564311,-12.466964087484435,38.05800819358933,3.168872311026315
2023-10-23,-14.34229473360082,-12.808777035177426,39.20606299318377,3.298691903099775
2023-10-24,-14.070523849144307,-11.954001771557312,39.52323024792184,2.2521222658405433
2023-10-25,-13.67768725698341,-12.281091715505942,39.27348431407925,1.7536820470630343
2023-10-26,-14.030870495740588,-11.788195521333202,39.366696817868785,0.7170067501397324
2023-10-27,-16.694972994592234,-10.09407274010856,41.87014554421519,0.9094467327265703
2023-10-28,-16.117409977125977,-9.80256745182478,43.16035915127087,1.7268956444891168
2023-10-29,-17.652615140988374,-8.399863105775648,44.960937408918504,-0.07132776785274841
2023-10-30,-17.838671542441826,-8.51220711300816,44.842070031067614,1.8556294121369967
2023-10-31,-18.19535737202335,-10.049112488668662,44.81597621770826,1.3448519182080496
2023-11-01,-16.78343177553227,-8.76631930530839,44.26233143998852,0.11252720492212043
2023-11-02,-16.183614952014242,-8.787880718101496,43.52252965842821,-2.0426937316935385
2023-11-03,-14.72661812321098,-8.78698461948329,42.43256409344863,-2.8467210418530207
2023-11-04,-13.472017736233575,-6.695966934007366,42.30436162735088,-1.9292206630579998
2023-11-05,-13.208377345014075,-5.6905718848192075,42.912488267125894,-1.5411492471499693
2023-11-06,-12.978240098974638,-4.255490137322455,43.61371943019532,-2.8117614514993186
2023-11-07,-11.907766285269908,-4.002608906787552,41.60825195638053,-3.4587739153491577
2023-11-08,-11.081907984520626,-3.679049410381905,42.40153169214039,-5.2456555597765675
2023-11-09,-11.784035801117348,-2.229483268847938,42.42383806903786,-5.245160262503217
2023-11-10,-12.63392040197739,-2.9142323113727544,41.873758633620575,-5.9085679029675084
2023-11-11,-13.113208445643595,-4.522067567328381,42.100674013956294,-4.305132073418429
2023-11-12,-11.977079481421747,-4.863586079779779,41.267087072113064,-3.9890421375566736
2023-11-13,-13.82778229885632,-5.967384596596444,41.74076441188604,-2.354756030789214
2023-11-14,-14.2278912468211,-4.656424110819973,40.94494087942034,-0.9354743292088832
2023-11-15,-12.909369986545137,-3.185567998710871,41.73110580104206,0.35051249676156115
2023-11-16,-13.907673433290892,-3.3164757703653587,43.07485814539323,-1.245460119341741
2023-11-17,-15.760322908334325,-3.093282560981076,42.304750479197786,-2.2881616350073353
2023-11-18,-15.573580103541136,-3.5286134555022453,40.95984101511592,-3.30338773520152
2023-11-19,-13.313466097310984,-2.816620818853045,40.41134900876141,-1.4898307274094766
2023-11-20,-13.183784584820616,-0.12022849655599677,38.911994367752776,-0.7229432588098084
2023-11-21,-13.034331459942397,0.6832951536988039,37.779563962622355,-0.8430904726544981
2023-11-22,-12.836781766437543,1.12434020957733,36.38701484181354,-1.537153115215157
2023-11-23,-12.177597170715766,0.9309323045727127,35.710853138486605,-2.233818143354833
2023-11-24,-14.021858337911475,-0.2892839318769591,37.82449477349209,-3.384780582144183
2023-11-25,-13.771228466182734,0.8012544234591572,39.51576335842527,-4.5646441402210804
2023-11-26,-15.148107119463152,1.1252350931864237,39.98312145402841,-5.979482879020912
2023-11-27,-14.930415016502748,-0.6790974295610215,41.80196955090448,-8.215926873410861
2023-11-28,-14.585658721312495,-0.9837236868248568,41.48870908425689,-8.041179725905538
2023-11-29,-14.893229018318678,-0.20637403483330263,42.76892442792854,-7.854596343102787
2023-11-30,-15.05369115260208,0.02035615016551695,41.44128515990047,-4.556475176270023
2023-12-01,-12.149629609072289,0.13468426811742568,41.376535804132004,-7.293123143776732
2023-12-02,-10.547075030948852,0.3422735328604408,41.02208222557859,-8.438828927132095
2023-12-03,-10.025055638928562,0.2555130868088206,42.02405078561113,-10.183846742635918
2023-12-04,-10.3654871684419,1.0307298095656308,41.479586780622334,-10.932446291285281
2023-12-05,-9.89071819715575,0.751869460075206,41.73604981997993,-9.4600493596585
2023-12-06,-11.114335842760989,0.9197548194095666,40.64968943081442,-10.088670643990106
2023-12-07,-9.519406642839117,-0.9784460780200084,41.048289070155406,-10.50372372008313
2023-12-08,-10.992128308993275,-1.1043102156037865,40.688936208945236,-10.409254503997486
2023-12-09,-11.716040707336614,-1.1747783506419824,41.02165363881201,-8.552318682525325
2023-12-10,-12.453217601034877,-0.9720808578389047,40.59293789713803,-9.983198657564628
2023-12-11,-12.36189130785289,0.28851135460904065,38.74776126124437,-10.81030914331338
2023-12-12,-13.156161108983905,-0.6830222918149254,39.36640481928101,-10.217435617122865
2023-12-13,-13.423347567938013,-0.7522664982141455,40.3107733415865,-10.285814835956636
2023-12-14,-13.764037924026862,-0.5675293384475535,41.17476275467591,-8.581398447660955
2023-12-15,-13.859356058367617,0.6194962096277148,41.757039510717476,-8.998933221297209
2023-12-16,-13.147050896293614,1.8123633997318433,41.682207086901286,-9.385959359652597
2023-12-17,-13.26677122639612,0.6856088511551948,39.931338275521455,-10.290180585133117
2023-12-18,-11.884450751848844,0.39646419756588014,40.61464948877784,-11.705254344979865
2023-12-19,-10.545236521760485,-1.5056808406774032,42.22824592577545,-12.063557022684964
2023-12-20,-10.153786658736191,-1.6298897537841612,40.906228238967095,-12.034639821579278
2023-12-21,-11.22526504829464,-0.036417661096345366,40.767157968243744,-12.379736465519644
2023-12-22,-11.282528003192393,1.1626131082779183,41.56553074353483,-12.560326109058995
2023-12-23,-12.747288932523878,2.4148645514383666,39.465284786100476,-11.050547112035174
2023-12-24,-11.789696637582367,0.7991739868531214,39.41454607276388,-10.839406079409382
2023-12-25,-11.93884059820985,0.3233750917993653,38.74688831680147,-11.998369001346472
2023-12-26,-12.733676224213355,0.3370724462081217,38.878724256242386,-12.863528721076237
2023-12-27,-12.835799752776238,1.4264896621909267,40.182025340389856,-11.43637260795132
2023-12-28,-12.758964112085405,2.864140826135578,39.875110627882535,-10.818778008758118
2023-12-29,-13.260812718431454,2.079280349811507,39.63285890720646,-12.662849075252627
2023-12-30,-11.888077423452303,3.4792888457505766,40.197483651211314,-12.96147507264467
2023-12-31,-13.134908229739413,4.263226105758723,38.561193441936034,-12.225890294758893
2024-01-01,-13.57250224564974,3.281114145252306,40.66610642480098,-11.68467636425119
2024-01-02,-13.083068608294614,4.231352559434143,39.63569576943049,-12.91947830221979
2024-01-03,-11.893222560789395,4.4232357965099025,41.23780853077299,-12.777063798520079
2024-01-04,-9.978652851113647,5.354662058300804,41.0457136096978,-11.65457180534639
2024-01-05,-9.111781797602356,5.867450938081883,40.51436227866546,-11.474291410029629
2024-01-06,-6.57423368026227,5.494027699167483,41.3051469032351,-13.013455654564517
2024-01-07,-6.361494140447333,6.317658401902572,41.31873112028209,-13.403043324555739
2024-01-08,-6.049817660269932,4.515854870549084,40.71741257777075,-13.042849422334344
2024-01-09,-5.83471088998899,4.325914107841669,41.248611487369104,-14.670843268743944
2024-01-10,-6.895310970282443,3.7743673481701405,42.71203866602752,-14.824710429571171
2024-01-11,-6.136451325115383,4.69699997812811,42.41144576583519,-14.369641024586295
2024-01-12,-7.350234342642775,4.230200225494582,41.30219046108809,-15.076367672905938
2024-01-13,-8.078817201169409,5.26830136734206,41.48585248043692,-13.489811630970642
2024-01-14,-8.373547631298178,4.303309248062514,41.59161673168,-14.463093459214265
2024-01-15,-7.411030354047531,3.1599578303864364,41.20541154865131,-16.509723090611942
2024-01-16,-8.227258429272947,3.7362175914267133,40.73079481894517,-16.901676463903165
2024-01-17,-8.826599113471836,2.906904745443365,40.18843396793732,-18.50168398284532
2024-01-18,-8.956604828197866,3.154645308538043,40.325565803372946,-20.673885515956364
2024-01-19,-9.545354440830163,2.3777287763628943,43.1385742068297,-19.186615161203704
2024-01-20,-9.838321155905962,3.931407492426454,44.18539514612227,-18.15525149108933
2024-01-21,-9.924283708631998,4.165079645200732,45.57457434311321,-19.151313262450323
2024-01-22,-8.819567403053911,3.738976412426597,45.840736856601,-19.713188313342524
2024-01-23,-8.644847489391536,2.548771494609831,47.87218876694676,-19.64257099639346
2024-01-24,-7.082819668054774,4.823162345965329,49.398881380750126,-19.579381050259965
2024-01-25,-7.816557527738754,4.3224454981975615,50.73352172931229,-18.703472655973805
2024-01-26,-8.435518853607764,4.508382302492782,50.825979772733,-17.150813470585973
2024-01-27,-7.945267416841578,3.036599270798292,52.51858612419284,-17.871887912585887
2024-01-28,-8.491643227720848,3.0315234633515566,53.868615364331696,-16.9482244947718
2024-01-29,-7.817574377939152,3.270585561265244,52.72618963270799,-17.649263420629765
2024-01-30,-6.421662090991864,3.3173542760863244,52.01354545071539,-15.880143713968323
2024-01-31,-6.778274626387631,2.959115910324055,52.934211729363014,-16.0266883734954
2024-02-01,-6.08145872199964,2.839077747786409,52.39156262756519,-16.06360520144107
2024-02-02,-6.263858006686087,1.4385651118814367,52.65524367515924,-16.07716406194161
2024-02-03,-6.008196945382483,0.37618615502108543,52.34856725110785,-16.88502606246315
2024-02-04,-5.171157386908195,2.2633507344150052,53.56364962702881,-18.08740613930034
2024-02-05,-6.218089478356342,2.941423507830354,52.063162118830675,-19.753612268558967
2024-02-06,-5.890214209348534,3.7716920041294406,51.18001500627686,-19.21170820957147
2024-02-07,-6.8833401451023475,3.791412383142981,50.50475609962502,-19.72509709140561
2024-02-08,-5.831657091507033,4.42744717955066,50.28715132224467,-20.942637529433032
2024-02-09,-6.477937935950864,4.729024274824914,49.40251538026118,-19.87172152272217
2024-02-10,-5.644227397323961,4.282898621809835,49.10415419067778,-20.395015866217605
2024-02-11,-4.483420023409043,4.217249202491556,50.29197197808119,-21.6145000880046
2024-02-12,-4.640726637547286,3.3148849723117655,49.416706976211195,-22.54301878333202
2024-02-13,-4.911248363148481,2.392467381751652,49.94004932544363,-23.478305061150646
2024-02-14,-7.773540794858436,3.586700347545536,49.74614579015067,-23.247858314447733
2024-02-15,-8.690241705186322,4.166717698546792,49.34240161174203,-23.135265076404824
2024-02-16,-8.775013849242864,3.707540017468962,49.7902452966109,-21.599893976824383
2024-02-17,-7.836809148837085,2.940519611369492,48.93932244136913,-22.1255129433196
2024-02-18,-8.362050732661656,2.4249790348525075,49.116165401501554,-20.518481980804825
2024-02-19,-7.600823414481895,2.721432023018381,48.83391514408233,-21.724463774842658
2024-02-20,-8.715493467774909,4.057791602655307,47.626193240324355,-20.333016937865985
2024-02-21,-8.57625067762741,2.7434973248774392,47.597394986663474,-20.454458527729003
2024-02-22,-9.700466409672423,3.6279755920010732,47.54278981494791,-18.67442854846976
2024-02-23,-10.253460461662618,1.9182710135675822,47.51096628716168,-19.421506818249142
2024-02-24,-11.260976667384154,-0.42424174227692535,47.11454660419573,-20.191585582467077
2024-02-25,-11.002900156962886,-0.802651773067069,47.35499605395883,-19.134439280071245
2024-02-26,-10.589374196009816,-0.6876550547400615,48.43091088004065,-18.984391100792543
2024-02-27,-10.184599900207264,1.0090792171854244,47.936078664069946,-18.97234307591451
2024-02-28,-11.19927901698884,0.2273140754791232,48.92944586902901,-20.213761988799156
2024-02-29,-13.726178429023744,0.6519719571773952,47.87439202785445,-19.71017071981259
2024-03-01,-13.839364816009226,-0.9414750532112397,47.25130362971173,-19.382132776654743
2024-03-02,-13.380245818639505,-0.3240826975112703,46.44168371188735,-17.363795190891043
2024-03-03,-13.828305424557202,0.8533916461494595,45.8792420806467,-17.924681925267173
2024-03-04,-13.647894724439876,1.6500027785316624,45.09938568827359,-18.678781848758742
2024-03-05,-10.92374989111644,0.7301501001775711,44.82031598904961,-18.22579029063558
2024-03-06,-9.66974494541037,1.6181934430753988,42.989595321269825,-17.47184540452794
2024-03-07,-8.663322867421874,0.4903676232868699,42.59583361670945,-16.149772131843342
2024-03-08,-9.149134922802883,0.7592500827667974,42.37715256402015,-17.135589229669307
2024-03-09,-8.7229476104892,0.9893993612480206,41.384266625047566,-16.60183196562674
2024-03-10,-10.336903001476436,0.4206181752241116,41.62540588963346,-18.738070803938566
2024-03-11,-9.559201745572974,0.5623763343947762,42.62640137976375,-21.505015229176276
2024-03-12,-8.675983696500635,1.6975332100031424,42.71731203490383,-21.76733753141297
2024-03-13,-8.937411735083863,2.6775350060673673,41.995412902925075,-21.861687976687474
2024-03-14,-8.03814518719031,1.6947826108993271,41.5971190527774,-20.734777293405877
2024-03-15,-6.932282672880186,1.3663534626215594,41.784782829938266,-19.048892329703964
2024-03-16,-4.999977740722281,1.3662507319881803,40.514218888789955,-18.69257325415028
